"Date","Time","Latitude","Longitude","Depth","Mag","TypeMag","smaj","smin","az","rms","cPhase","Region"
"2008-10-10","04:11:40","-9.14","117.29","101","3.8","MLv","3.9","1.22","215","0.421","8","Sumbawa Region; Indonesia   "
"2008-10-10","04:27:33","-6.03","128.75","302","4.2","MLv","12.38","1.88","95","0.572","11","Banda Sea    "
"2008-10-10","06:10:37","-3.6","128.8","96","4.9","MLv","8.82","0.28","128","0.536","13","Seram; Indonesia    "
"2008-10-10","08:05:50","-3.35","121.14","249","3.2","MLv","2.2","1.14","253","0","4","Sulawesi; Indonesia    "
"2008-10-10","08:24:08","-2.75","129.43","6","3.6","MLv","2.85","0.78","208","0.37","8","Seram; Indonesia    "
"2008-10-10","08:29:34","-2.1","138.82","33","4.7","mb","26.55","1.99","248","1.13","7","Irian Jaya; Indonesia   "
"2008-10-10","10:38:11","-6.55","131.15","74","4.8","mb","13.67","1.82","107","1.336","12","Tanimbar Islands Reg.; Indonesia  "
"2008-10-10","11:07:14","-0.85","140.88","10","5.1","mb","100.28","13.3","197","1.914","7","Irian Jaya Region; Indonesia  "
"2008-10-10","11:28:48","1.36","97.1","6","4.3","MLv","4.06","1.89","219","0.508","9","Northern Sumatra; Indonesia   "
"2008-10-10","14:17:55","4.35","95.78","65","4.2","MLv","6.54","1.23","188","0.738","8","Northern Sumatra; Indonesia   "
"2008-10-10","15:08:26","-9.3","112.11","30","3.5","MLv","3.08","1.19","241","0.452","15","South of Java; Indonesia  "
"2008-10-10","15:50:35","1.51","98.76","76","3.3","MLv","2.95","1.09","144","0.517","10","Northern Sumatra; Indonesia   "
"2008-10-10","18:21:42","1.68","127.23","94","5.1","mb","26.32","0.91","148","0.882","40","Halmahera; Indonesia    "
"2008-10-10","18:23:41","-8.1","128.9","537","5.1","mb","22.16","6.8","208","2.132","8","Timor Sea    "
"2008-10-10","18:50:03","-5.89","98.48","168","5.1","mb","9.42","4.57","251","0.848","30","Southwest of Sumatra; Indonesia  "
"2008-10-10","19:31:29","2.22","104.15","10","5.7","mb","35.35","8.75","173","1.423","7","Malay Peninsula    "
"2008-10-10","20:36:54","-6.76","106.68","3","3.6","MLv","3.36","0.22","80","0.922","25","Java; Indonesia    "
"2008-10-10","21:26:28","-7.79","111.43","9","4.7","MLv","9.59","0.34","89","0.902","32","Java; Indonesia    "
"2008-10-10","23:23:09","1.86","127.27","58","4.4","MLv","5.5","1.08","218","0.582","11","Halmahera; Indonesia    "
"2008-11-27","01:42:06","1.84","128.01","109","4.7","mb","10.7","1.24","267","0.745","14","Halmahera; Indonesia    "
"2008-11-27","01:48:04","0.48","122.42","102","4.2","MLv","5.15","0.48","159","0.784","10","Minahassa Peninsula; Sulawesi   "
"2008-11-27","01:59:42","1.72","99.12","10","3.5","MLv","2.94","0.44","155","1.422","9","Northern Sumatra; Indonesia   "
"2008-11-27","03:58:45","-7.8","106.9","26","4.4","MLv","5.2","0.86","109","0.634","18","Java; Indonesia    "
"2008-11-27","06:26:04","-1.18","127.05","10","3.5","MLv","4.43","0.7","139","0.917","6","Halmahera; Indonesia    "
"2008-11-27","07:40:01","-0.15","123.09","141","2.9","MLv","1.15","0.78","155","0.35","6","Minahassa Peninsula; Sulawesi   "
"2008-11-27","07:43:15","-0.09","121.28","59","3","MLv","1.88","0.87","169","0.068","6","Minahassa Peninsula; Sulawesi   "
"2008-11-27","09:24:37","-6.12","115.33","549","4.8","mb","20.38","2.68","68","1.327","9","Bali Sea    "
"2008-11-27","09:28:35","-0.09","123.42","106","4.6","MLv","6.39","0.83","127","0.937","9","Minahassa Peninsula; Sulawesi   "
"2008-11-27","11:22:29","-2.17","100.35","17","4","MLv","5.27","1.12","238","0.736","9","Southern Sumatra; Indonesia   "
"2008-11-27","12:22:51","-2.09","99.8","10","4","MLv","5.56","1.35","231","1.688","11","Southern Sumatra; Indonesia   "
"2008-11-27","12:47:20","5.29","127","241","3.9","mb","6.96","2.17","308","0.002","4","Philippine Islands Region   "
"2008-11-27","14:47:26","0.84","122.77","23","2.3","MLv","1.87","0.32","245","0.251","5","Minahassa Peninsula; Sulawesi   "
"2008-11-27","14:47:39","-5.54","130.8","125","3.6","MLv","4.67","1.35","212","0.873","9","Banda Sea    "
"2008-11-27","16:09:18","-8.81","111.17","23","3","MLv","1.22","0.61","286","0.409","8","Java; Indonesia    "
"2008-11-27","16:37:59","-8.15","110.39","10","3.3","MLv","3.73","0.27","188","1.316","14","Java; Indonesia    "
"2008-11-27","17:31:16","1.14","96.87","99","3.9","MLv","5.31","2.13","243","1.201","8","Off West Coast of Northern Sumatra"
"2008-11-27","17:58:37","5.26","94.72","30","3.8","MLv","3.15","0.62","299","0.785","4","Northern Sumatra; Indonesia   "
"2008-11-27","17:59:43","-1.04","99.96","10","3.6","MLv","1.86","0.52","166","0.27","8","Southern Sumatra; Indonesia   "
"2008-11-27","18:36:37","-4.26","128.16","53","2.8","MLv","1.19","0.57","323","0.312","5","Banda Sea    "
"2008-11-27","20:43:46","-7.31","126.59","440","4.9","mb","32.1","3.94","48","1.573","62","Banda Sea    "
"2008-11-27","22:11:12","-3.7","128.79","30","2.5","MLv","0.6","0.38","250","0.146","6","Seram; Indonesia    "
"2008-11-27","23:20:54","0.09","121.85","112","3","MLv","2.19","0.39","233","0.674","7","Minahassa Peninsula; Sulawesi   "
"2008-11-28","02:12:01","-0.36","123.15","83","3","MLv","1.46","0.78","217","0.316","6","Minahassa Peninsula; Sulawesi   "
"2008-11-28","03:37:15","-7.62","107.84","124","3.8","MLv","2.35","0.07","311","0.084","5","Java; Indonesia    "
"2008-11-28","03:37:15","-7.76","107.83","116","4","MLv","5.59","0.2","121","0.417","17","Java; Indonesia    "
"2008-11-28","03:45:14","1.22","121.87","10","3.9","MLv","2.42","0.75","292","0.889","7","Minahassa Peninsula; Sulawesi   "
"2008-11-28","06:19:17","-3.56","127.23","20","3.7","MLv","2.91","0.35","227","1.853","9","Seram; Indonesia    "
"2008-11-28","08:50:47","-4.92","101.53","19","5.9","Mw(mB","72.67","1.52","58","1.915","99","Southern Sumatra; Indonesia   "
"2008-11-28","10:04:44","1.18","122.04","10","3.4","MLv","5.14","0.71","226","1.066","8","Minahassa Peninsula; Sulawesi   "
"2008-11-28","11:15:53","-0.04","123.07","120","2.6","MLv","1.24","0.67","201","0.288","5","Minahassa Peninsula; Sulawesi   "
"2008-11-28","11:21:25","-5.87","104.12","10","3.8","MLv","1.37","0.85","290","0.314","10","Southern Sumatra; Indonesia   "
"2008-11-28","12:12:23","-1.87","121.07","10","3.2","MLv","3.16","1.01","170","1.139","8","Sulawesi; Indonesia    "
"2008-11-28","12:56:41","0.1","119.46","10","4.9","MLv","14.43","2.32","93","1.379","18","Minahassa Peninsula; Sulawesi   "
"2008-11-28","14:00:34","-8.54","111.63","100","4.6","MLv","31.38","0.54","102","1.342","50","Java; Indonesia    "
"2008-11-28","15:32:24","-7.91","106.99","10","3.1","MLv","1.37","0.89","283","0.961","7","Java; Indonesia    "
"2008-11-28","21:12:25","0.79","99.79","10","3.5","MLv","4.55","0.21","141","1.906","5","Northern Sumatra; Indonesia   "
"2008-11-28","23:36:04","1.01","95.65","10","4.6","MLv","6.56","2.71","287","2.351","9","Off West Coast of Northern Sumatra"
"2008-11-29","00:41:35","1.88","98.97","23","3.9","MLv","3.78","0.81","156","2.034","10","Northern Sumatra; Indonesia   "
"2008-11-29","02:52:55","-9.02","116.93","12","3.8","MLv","5.26","0.84","190","1.092","14","Sumbawa Region; Indonesia   "
"2008-11-29","06:16:50","-8.92","117.87","180","4.7","MLv","7.59","1.71","185","0.828","9","Sumbawa Region; Indonesia   "
"2008-11-29","07:19:11","0.45","122.18","89","3.7","MLv","6.13","0.24","115","0.484","8","Minahassa Peninsula; Sulawesi   "
"2008-11-29","12:57:48","1.53","122.24","10","3.3","MLv","2.61","1.09","303","1.5","6","Minahassa Peninsula; Sulawesi   "
"2008-11-29","15:47:26","5.85","126.12","154","4.4","MLv","9.09","1.32","190","1.056","9","Mindanao; Philippines    "
"2008-11-29","16:24:11","-5.93","132.25","66","4.5","MLv","9.79","0.57","114","0.462","15","Aru Islands Region; Indonesia  "
"2008-11-29","18:09:49","0.54","121.88","62","3.2","MLv","2.1","0.08","295","0.832","6","Minahassa Peninsula; Sulawesi   "
"2008-11-29","18:36:17","1.9","127.08","92","3.9","MLv","15.19","1.16","206","1.178","15","Halmahera; Indonesia    "
"2008-11-29","18:54:03","-6.69","106.54","10","2.6","MLv","1.08","0.25","143","0.745","5","Java; Indonesia    "
"2008-11-29","19:30:40","-3.48","129.08","30","2.3","MLv","1.32","0.2","190","1.541","6","Seram; Indonesia    "
"2008-11-29","20:34:19","-6.96","105.16","11","3.1","MLv","2.7","0.63","227","0.807","12","Sunda Strait; Indonesia   "
"2008-11-29","21:32:24","-0.26","122.53","10","2.7","MLv","1.02","0.81","159","1.27","6","Minahassa Peninsula; Sulawesi   "
"2008-11-29","22:29:58","1.09","122.38","10","3.3","MLv","2.15","0.75","252","0.986","5","Minahassa Peninsula; Sulawesi   "
"2008-11-29","23:00:56","1.32","128.66","36","4.4","MLv","10.79","1.41","183","1.044","21","Halmahera; Indonesia    "
"2008-11-29","23:10:15","1.22","128.63","6","4.5","MLv","10.85","1.34","180","0.823","19","Halmahera; Indonesia    "
"2008-11-30","00:21:29","2.54","128.49","219","4.3","mb","23.06","2.08","213","1.607","16","Halmahera; Indonesia    "
"2008-11-30","03:01:08","-3.68","119.16","17","3.4","MLv","1.89","0.22","157","0.156","7","Sulawesi; Indonesia    "
"2008-11-30","03:12:26","-1.02","99.15","30","2.9","MLv","2.42","0.31","175","1.142","6","Southern Sumatra; Indonesia   "
"2008-11-30","03:19:24","-10.81","111.83","10","3.9","MLv","5.11","2.68","245","1.059","15","South of Java; Indonesia  "
"2008-11-30","03:42:00","-8.44","115.49","20","2.1","MLv","0.87","0.14","170","0.104","6","Bali Region; Indonesia   "
"2008-11-30","08:20:08","1.02","122.21","10","3.9","MLv","2.12","0.6","257","0.959","8","Minahassa Peninsula; Sulawesi   "
"2008-11-30","08:44:59","-5.04","103.06","25","3.2","MLv","1.7","0.68","252","0.175","9","Southern Sumatra; Indonesia   "
"2008-11-30","08:52:26","-9.85","114.44","18","3.5","MLv","3.17","1.24","250","0.626","17","South of Bali; Indonesia  "
"2008-11-30","09:50:55","-9.15","113.15","14","3.2","MLv","2.17","0.92","215","0.76","15","South of Java; Indonesia  "
"2008-11-30","10:46:05","-2.17","121.28","10","2.8","MLv","2.33","1.03","167","0.834","8","Sulawesi; Indonesia    "
"2008-11-30","12:37:29","-4.15","102.13","27","3.7","MLv","3.62","0.68","218","0.783","6","Southern Sumatra; Indonesia   "
"2008-11-30","17:51:06","1.61","121.57","10","3.6","MLv","4.95","1.19","283","0.879","5","Minahassa Peninsula; Sulawesi   "
"2008-11-30","21:19:11","1.83","99.02","10","4.6","MLv","8.15","0.6","129","1.591","23","Northern Sumatra; Indonesia   "
"2008-11-30","23:12:19","1.01","121.65","164","3","MLv","2.32","0.6","314","0.514","5","Minahassa Peninsula; Sulawesi   "
"2008-11-30","23:20:51","1.08","121.22","23","3.6","MLv","2.62","0.94","320","0.474","6","Minahassa Peninsula; Sulawesi   "
"2008-12-01","00:35:50","-8.07","120.3","10","3.7","MLv","4.12","1.59","110","0.507","10","Flores Region; Indonesia   "
"2008-12-01","00:45:44","4.33","112.23","10","6","mb","74.63","8.9","154","1.678","8","South China Sea   "
"2008-12-01","01:31:08","1.76","121.81","10","4","MLv","5.17","1.28","113","1.849","9","Minahassa Peninsula; Sulawesi   "
"2008-12-01","03:39:27","-4.5","101.3","36","4.3","MLv","4.12","1.54","246","0.232","9","Southern Sumatra; Indonesia   "
"2008-12-01","03:41:19","0.59","98.47","8","3.8","MLv","5.51","1.13","172","0.738","11","Northern Sumatra; Indonesia   "
"2008-12-01","07:21:41","-0.05","122.06","229","3.6","MLv","4.51","0.54","130","0.871","11","Minahassa Peninsula; Sulawesi   "
"2008-12-01","09:00:01","-1.75","99.04","12","3.8","MLv","2.45","1.65","309","0.337","5","Southern Sumatra; Indonesia   "
"2008-12-01","10:00:31","-2.52","128.86","10","3.4","MLv","2.25","0.82","264","0.795","8","Ceram Sea    "
"2008-12-01","11:19:44","-0.23","122.68","19","3.2","MLv","1.24","0.81","153","0.954","7","Minahassa Peninsula; Sulawesi   "
"2008-12-01","13:25:19","-3","136.92","90","4.3","MLv","12.52","2.06","152","0.865","11","Irian Jaya Region; Indonesia  "
"2008-12-01","13:33:24","-0.35","98.64","15","3.7","MLv","3.03","1.07","210","0.565","10","Southern Sumatra; Indonesia   "
"2008-12-01","14:20:22","-8.55","107.84","16","4.3","MLv","10.73","0.99","136","1.157","30","Java; Indonesia    "
"2008-12-01","14:24:33","3.26","97.37","24","2.5","MLv","3.84","0.19","132","3.062","8","Northern Sumatra; Indonesia   "
"2008-12-01","15:27:11","1.17","126.97","24","3.8","MLv","8.28","0.57","165","1.506","13","Northern Molucca Sea   "
"2008-12-01","15:33:20","2.27","122.42","30","3.7","MLv","3.3","1.72","274","2.062","6","Celebes Sea    "
"2008-12-01","16:10:01","-4.11","119.18","82","2.4","MLv","1.92","0.59","193","1.646","8","Sulawesi; Indonesia    "
"2008-12-01","16:12:06","-5.25","103.52","27","2.8","MLv","1.33","0.58","261","0.336","6","Southern Sumatra; Indonesia   "
"2008-12-01","16:12:52","-2.74","139.18","23","2.8","MLv","3.43","0.88","114","0.504","5","Near North Coast of Irian Jaya"
"2008-12-01","17:31:31","-5.1","101.34","10","4.2","MLv","13.16","1.77","188","1.463","19","Southwest of Sumatra; Indonesia  "
"2008-12-01","18:06:34","-1.44","97.16","47","5","MLv","20.43","1.93","224","1.579","35","Southwest of Sumatra; Indonesia  "
"2008-12-01","20:31:42","-4.62","112.46","442","4.3","MLv","8.26","2.64","97","1.25","10","Java Sea    "
"2008-12-02","03:01:15","-2.9","127.6","10","3.1","MLv","1.4","0.61","233","0.626","7","Ceram Sea    "
"2008-12-02","09:04:33","1.15","126.74","10","4.2","MLv","4.85","0.73","219","0.508","6","Northern Molucca Sea   "
"2008-12-02","09:10:56","-2.48","140.19","10","4.8","mb","74.08","0.52","138","1.627","16","Near North Coast of Irian Jaya"
"2008-12-02","09:10:56","-2.42","140.22","10","4.8","mb","22.98","0.49","171","1.271","14","Near North Coast of Irian Jaya"
"2008-12-02","11:29:12","-2.79","128.44","10","2.8","MLv","2.34","0.73","162","0.194","6","Ceram Sea    "
"2008-12-02","12:05:36","1.79","99.04","10","3.2","MLv","3.83","0.55","157","0.665","7","Northern Sumatra; Indonesia   "
"2008-12-02","12:47:10","1.33","122.19","10","4.2","MLv","6.76","0.88","174","0.959","9","Minahassa Peninsula; Sulawesi   "
"2008-12-02","13:18:17","2.47","128.25","218","4.8","MLv","10.61","1.9","239","1.362","21","Halmahera; Indonesia    "
"2008-12-02","13:56:25","1.09","122.27","10","3.2","MLv","2.18","0.69","273","1.375","5","Minahassa Peninsula; Sulawesi   "
"2008-12-02","19:23:57","0.15","122.48","146","2.4","MLv","1.56","0.63","135","0.15","7","Minahassa Peninsula; Sulawesi   "
"2008-12-02","22:04:30","1.53","98.18","10","3","MLv","1.99","1.38","212","0.127","4","Northern Sumatra; Indonesia   "
"2008-12-02","22:07:41","-7.35","108.69","10","3","MLv","1.19","0.49","274","0.408","4","Java; Indonesia    "
"2008-12-02","22:08:59","-2.65","126.8","10","3.4","MLv","1.73","0.66","334","0.088","4","Ceram Sea    "
"2008-12-02","22:15:09","-0.3","122.65","10","2.6","MLv","3.63","1","159","0.426","5","Minahassa Peninsula; Sulawesi   "
"2008-12-02","22:18:25","0.36","123.37","183","3.4","MLv","4.25","0.46","104","1.229","7","Minahassa Peninsula; Sulawesi   "
"2008-12-02","22:36:33","-0.51","122.64","10","3.5","MLv","1.72","0.55","115","1.658","10","Minahassa Peninsula; Sulawesi   "
"2008-12-03","00:45:10","0.95","125.99","20","3.7","MLv","3.78","1.39","107","1.652","9","Northern Molucca Sea   "
"2008-12-03","00:54:44","-7.94","107.27","19","3.6","MLv","2.05","0.66","227","0.62","8","Java; Indonesia    "
"2008-12-03","04:37:40","-1.21","123.42","10","3.8","MLv","2.24","0.67","262","0.793","8","Sulawesi; Indonesia    "
"2008-12-03","09:30:06","1.1","120.9","10","3.6","MLv","4.26","1.21","254","0.823","6","Minahassa Peninsula; Sulawesi   "
"2008-12-03","12:21:46","3.3","97.14","6","4.2","MLv","5.34","0.06","178","0.574","11","Northern Sumatra; Indonesia   "
"2008-12-03","15:28:13","2.55","126.03","97","4.2","MLv","6.56","1.24","167","0.612","14","Northern Molucca Sea   "
"2008-12-03","17:46:25","0.71","126.18","78","3.7","MLv","4.81","1.18","100","0.375","12","Northern Molucca Sea   "
"2008-12-03","19:02:48","-9.99","113.99","74","3.7","MLv","3.99","1.52","243","0.728","21","South of Java; Indonesia  "
"2008-12-03","21:17:47","-1.13","121.82","70","3.5","MLv","4.39","0.96","88","0.71","13","Sulawesi; Indonesia    "
"2008-12-03","23:25:15","-3.67","113.22","10","4.6","MLv","5.06","1.63","219","1.715","7","Borneo     "
"2008-12-04","08:57:43","-5.65","116.46","356","5.3","mb","84.21","3.54","88","1.647","7","Java Sea    "
"2008-12-04","12:24:28","2.04","126.69","120","3.6","MLv","13.26","1.43","187","1.345","8","Northern Molucca Sea   "
"2008-12-04","12:57:28","4.39","126.06","140","4.2","mb","8.98","0.88","293","1.156","12","Talaud Islands; Indonesia   "
"2008-12-04","15:53:01","1.8","99.07","5","3.3","MLv","3.81","0.54","155","0.785","9","Northern Sumatra; Indonesia   "
"2008-12-04","17:05:23","-4.41","126.12","650","4.2","MLv","19.47","1.53","182","1.368","10","Banda Sea    "
"2008-12-04","19:31:23","-9","110.74","36","3","MLv","3.22","0.91","249","0.405","10","Java; Indonesia    "
"2008-12-04","20:01:05","-7.6","109.81","14","3.1","MLv","2.74","0.28","147","1.718","14","Java; Indonesia    "
"2008-12-04","21:01:29","4.03","96.53","84","4.6","mb","26.7","1","177","0.554","29","Northern Sumatra; Indonesia   "
"2008-12-04","21:40:17","1.78","127.18","106","4.1","MLv","10.03","1.02","259","0.746","15","Halmahera; Indonesia    "
"2008-12-04","22:03:29","0.28","121.91","187","2.9","MLv","2.09","0.2","222","0.327","7","Minahassa Peninsula; Sulawesi   "
"2008-12-04","23:13:33","3.59","122.49","588","4.7","Mw(mB","46.07","2.98","56","1.003","82","Celebes Sea    "
"2008-12-05","00:41:14","-8.24","118.21","186","4.4","MLv","14.65","0.57","114","0.958","28","Sumbawa Region; Indonesia   "
"2008-12-05","01:43:31","0.74","126.31","14","4","MLv","9.02","1.06","103","0.784","7","Northern Molucca Sea   "
"2008-12-05","02:14:37","0.59","121.14","66","4","MLv","4.73","0.81","248","0.708","9","Minahassa Peninsula; Sulawesi   "
"2008-12-05","09:29:48","-0.13","123.79","109","3.4","MLv","3.75","0.73","131","0.464","8","Minahassa Peninsula; Sulawesi   "
"2008-12-05","10:24:19","-2.92","128.39","12","4.4","MLv","6.43","0.69","138","0.866","13","Ceram Sea    "
"2008-12-05","10:43:42","1.79","99.08","10","3.2","MLv","3.31","0.52","155","0.933","6","Northern Sumatra; Indonesia   "
"2008-12-05","13:51:48","2.71","95.77","10","4.1","MLv","5.53","1.51","269","0.378","7","Off West Coast of Northern Sumatra"
"2008-12-05","15:08:44","-1.23","135.5","426","3.9","mb","8.62","3.3","189","0.411","6","Irian Jaya Region; Indonesia  "
"2008-12-05","15:18:45","-1.42","120.46","26","3.1","MLv","2.62","1.13","196","0.611","6","Sulawesi; Indonesia    "
"2008-12-05","17:53:04","0.67","122.44","57","2.9","MLv","1.73","0.54","205","0.194","5","Minahassa Peninsula; Sulawesi   "
"2008-12-05","19:08:20","-0.4","122.78","46","2.6","MLv","1.22","0.63","169","0.004","5","Minahassa Peninsula; Sulawesi   "
"2008-12-05","20:32:32","-0.12","123.01","137","2.5","MLv","1.22","0.75","195","0.019","5","Minahassa Peninsula; Sulawesi   "
"2008-12-05","20:53:19","0.74","122.23","72","2.7","MLv","1.85","0.39","229","0.195","5","Minahassa Peninsula; Sulawesi   "
"2008-12-05","21:00:36","-5.58","103.75","11","2.9","MLv","1.45","0.64","279","0.212","6","Southern Sumatra; Indonesia   "
"2008-12-06","00:13:37","5.07","127.17","56","4.9","mb","15.94","2.14","215","1.122","18","Philippine Islands Region   "
"2008-12-06","02:59:14","1.15","122.09","10","2.4","MLv","2.28","0.69","286","1.246","5","Minahassa Peninsula; Sulawesi   "
"2008-12-06","04:22:28","-9.23","110.43","9","4.2","MLv","8.19","1.26","217","1.303","29","South of Java; Indonesia  "
"2008-12-06","04:35:01","-9.22","110.43","15","3.9","MLv","4.01","1.26","224","1.16","21","South of Java; Indonesia  "
"2008-12-06","06:57:45","-8.08","107.93","25","4.1","MLv","3.83","0.54","211","0.655","18","Java; Indonesia    "
"2008-12-06","06:57:47","-6.13","115.46","10","4.8","MLv","5.95","4.01","148","2.351","7","Bali Sea    "
"2008-12-06","08:20:32","-0.05","123.5","211","3.2","MLv","1.64","0.79","179","0.148","6","Minahassa Peninsula; Sulawesi   "
"2008-12-06","10:48:03","0.66","120.69","20","5.1","MLv","13.52","1.26","115","1.47","21","Minahassa Peninsula; Sulawesi   "
"2008-12-06","10:55:27","-7.61","124.68","415","6.4","Mw(mB","52.16","2.63","45","1.478","143","Banda Sea    "
"2008-12-06","11:07:23","2.48","114.73","494","5.3","mb","17.55","6.13","183","1.856","17","Borneo     "
"2008-12-06","12:44:58","-1.88","100.31","15","3.5","MLv","1.41","0.97","263","1.105","6","Southern Sumatra; Indonesia   "
"2008-12-06","13:18:00","-6.79","130.65","73","4.7","mb","19.24","2.37","71","1.699","17","Banda Sea    "
"2008-12-06","13:29:06","-2.8","127.43","10","3","MLv","2.15","0.54","145","0.461","8","Ceram Sea    "
"2008-12-06","14:49:04","-9.7","116.72","9","3.6","MLv","5.68","1.72","324","0.501","11","Sumbawa Region; Indonesia   "
"2008-12-06","15:22:14","-8.01","117.67","10","4.5","MLv","12.68","1.61","104","1.831","26","Sumbawa Region; Indonesia   "
"2008-12-06","18:01:13","0.94","120.34","85","3.6","MLv","3.47","1.67","261","0.566","7","Minahassa Peninsula; Sulawesi   "
"2008-12-06","20:03:27","1.21","121.97","15","2.9","MLv","2.37","0.73","296","0.436","5","Minahassa Peninsula; Sulawesi   "
"2008-12-06","20:40:16","-4.41","122.85","356","3.4","MLv","6.14","0.5","112","1.338","10","Sulawesi; Indonesia    "
"2008-12-06","21:02:53","0.97","123.28","20","3.7","MLv","5.66","0.43","150","2.246","13","Minahassa Peninsula; Sulawesi   "
"2008-12-06","22:00:19","-8.86","129.44","132","4.2","mb","15.4","4.29","255","0.581","5","Timor Sea    "
"2008-12-06","23:45:22","0.67","115.62","10","5.2","mb","13.72","6.22","200","2.714","14","Borneo     "
"2008-12-07","00:53:30","-1.9","127.76","24","3.5","MLv","5.38","1.28","149","0.425","7","Halmahera; Indonesia    "
"2008-12-07","05:41:54","-2.82","139.65","14","4.5","MLv","1.45","1.09","135","0","4","Near North Coast of Irian Jaya"
"2008-12-07","06:02:28","-0.11","122.82","123","2.8","MLv","1.42","0.76","168","0.498","7","Minahassa Peninsula; Sulawesi   "
"2008-12-07","06:41:36","-3.22","104.92","650","3.8","MLv","4.49","1.46","244","1.576","6","Southern Sumatra; Indonesia   "
"2008-12-07","07:13:52","0.01","127.39","158","3.5","MLv","4.73","0.65","169","0.872","9","Halmahera; Indonesia    "
"2008-12-07","08:05:05","-2.79","119.7","10","3.7","MLv","4.74","0.28","216","0.95","9","Sulawesi; Indonesia    "
"2008-12-07","08:45:34","0.46","98.31","21","4.3","MLv","7.65","1.31","195","0.513","12","Northern Sumatra; Indonesia   "
"2008-12-07","11:07:40","1.85","99.08","10","3.4","MLv","3.76","0.57","152","0.348","7","Northern Sumatra; Indonesia   "
"2008-12-07","11:17:54","-9.01","111.26","6","3","MLv","1.46","0.81","272","0.36","8","South of Java; Indonesia  "
"2008-12-07","12:01:40","-10.49","113.3","118","3.7","MLv","3.75","2.18","256","1.118","25","South of Java; Indonesia  "
"2008-12-07","13:46:02","-0.89","120.18","650","3.4","MLv","9.08","2.17","134","1.82","10","Minahassa Peninsula; Sulawesi   "
"2008-12-07","14:37:02","-8.5","129.95","126","4.4","mb","15.99","4.47","171","1.881","12","Timor Sea    "
"2008-12-07","15:17:11","1.16","123.2","7","3","MLv","2.23","0.55","245","0.089","6","Minahassa Peninsula; Sulawesi   "
"2008-12-07","15:38:47","3.03","126.72","650","4.2","mb","6.83","3.72","279","2.287","8","Talaud Islands; Indonesia   "
"2008-12-07","15:43:11","1.36","122.04","10","4.3","MLv","4.91","0.88","265","1.738","8","Minahassa Peninsula; Sulawesi   "
"2008-12-07","17:15:10","1","98.74","10","3.3","MLv","8","0.8","187","1.222","5","Northern Sumatra; Indonesia   "
"2008-12-07","23:12:48","-8.77","115.68","84","2.4","MLv","1.13","0.41","189","1.026","9","Bali Region; Indonesia   "
"2008-12-08","00:17:16","1.76","98.89","10","3.3","MLv","3.44","0.64","167","1.732","11","Northern Sumatra; Indonesia   "
"2008-12-08","01:01:03","-2.98","119.64","10","4","MLv","5.61","0.19","78","0.839","15","Sulawesi; Indonesia    "
"2008-12-08","01:20:08","-5.34","102.72","13","3.5","MLv","1.68","1","279","0.215","7","Southern Sumatra; Indonesia   "
"2008-12-08","02:09:02","-7.3","99.3","650","4.4","mb","8.45","5.6","253","2.449","5","Southwest of Sumatra; Indonesia  "
"2008-12-08","02:10:16","-7.93","105.03","215","4.1","MLv","13.54","1.47","175","1.373","7","Java; Indonesia    "
"2008-12-08","02:16:15","-2.96","128.35","10","2.9","MLv","7.17","0.7","147","0.427","4","Ceram Sea    "
"2008-12-08","02:39:21","-3.18","128","10","3","MLv","6.26","0.54","111","0.452","9","Seram; Indonesia    "
"2008-12-08","04:51:17","-8.4","107.23","15","3.2","MLv","3.91","1.02","130","0.876","10","Java; Indonesia    "
"2008-12-08","07:34:12","-3.98","128.49","10","2.8","MLv","1.57","0.41","263","0.531","7","Seram; Indonesia    "
"2008-12-08","08:53:17","1.12","97.02","15","4.2","MLv","5.5","2.13","244","0.754","13","Northern Sumatra; Indonesia   "
"2008-12-08","10:20:37","-8.55","129.52","102","4.4","mb","14.43","4.31","68","2.386","20","Timor Sea    "
"2008-12-08","11:22:45","-0.39","123.44","180","3.4","MLv","4.1","0.93","132","1.002","11","Minahassa Peninsula; Sulawesi   "
"2008-12-08","15:04:13","-10.04","108.95","15","4.2","MLv","5.37","2.31","189","1.117","14","South of Java; Indonesia  "
"2008-12-08","15:32:00","-0.59","100.61","15","3.6","MLv","1.74","0.25","123","0.473","8","Southern Sumatra; Indonesia   "
"2008-12-08","18:39:53","4.83","96.1","27","3.4","MLv","4.93","0.94","164","0.78","9","Northern Sumatra; Indonesia   "
"2008-12-08","19:20:32","-4.3","122.86","10","4.1","MLv","6.76","0.42","104","1.262","17","Sulawesi; Indonesia    "
"2008-12-09","01:58:24","-1.8","140.92","8","4.4","MLv","3.01","0.74","291","0.781","6","Irian Jaya Region; Indonesia  "
"2008-12-09","04:49:35","1.44","126.44","23","4.2","MLv","9.21","1.14","147","0.759","13","Northern Molucca Sea   "
"2008-12-09","05:33:15","1.27","126.96","70","5.3","mb","63.21","0.64","132","1.773","63","Northern Molucca Sea   "
"2008-12-09","05:40:25","1.23","126.76","31","4.9","MLv","9.65","0.76","131","2.426","20","Northern Molucca Sea   "
"2008-12-09","05:43:20","-5.92","115.62","10","4.2","MLv","13.5","2.72","145","2.313","7","Java Sea    "
"2008-12-09","05:46:20","1.18","126.89","38","4.4","MLv","6.66","0.62","213","1.052","6","Northern Molucca Sea   "
"2008-12-09","05:54:09","1.34","126.96","40","4.2","MLv","9.51","0.7","232","0.18","7","Northern Molucca Sea   "
"2008-12-09","06:05:00","1.16","97","53","4.1","MLv","5.49","2.1","244","0.856","9","Off West Coast of Northern Sumatra"
"2008-12-09","06:31:30","4.01","121.94","10","6.1","Mw(mB","26.59","10.15","138","3.055","36","Celebes Sea    "
"2008-12-09","06:40:12","-1.62","129.26","10","5.3","mb","24.68","9.91","202","1.169","9","Halmahera; Indonesia    "
"2008-12-09","09:19:28","1.23","126.83","37","4.1","MLv","4.64","0.7","214","0.678","9","Northern Molucca Sea   "
"2008-12-09","09:56:13","1.24","128","11","3.6","MLv","3.17","0.79","281","0.024","5","Halmahera; Indonesia    "
"2008-12-09","10:28:38","-0.39","122.66","57","2.9","MLv","1.63","0.66","117","0.856","7","Minahassa Peninsula; Sulawesi   "
"2008-12-09","12:41:13","1.54","127.12","45","3.8","MLv","5.05","0.8","255","1.242","9","Halmahera; Indonesia    "
"2008-12-09","12:51:56","1.24","127.99","10","3.7","MLv","3.15","0.78","281","0.592","5","Halmahera; Indonesia    "
"2008-12-09","13:00:07","-8.08","122.69","224","4.1","MLv","9.55","0.71","121","0.674","15","Flores Region; Indonesia   "
"2008-12-09","14:52:08","1.29","122.31","20","3","MLv","2.37","0.89","289","1.223","5","Minahassa Peninsula; Sulawesi   "
"2008-12-09","14:56:19","-8.62","128.62","30","4.2","MLv","9.86","4.86","146","1.774","8","Timor Sea    "
"2008-12-09","15:19:34","-8.24","131.16","10","4.9","mb","12.1","5.37","190","1.881","7","Tanimbar Islands Reg.; Indonesia  "
"2008-12-09","15:31:51","-2.82","139.46","51","5.7","Mw(mB","75.61","1.12","58","1.835","87","Near North Coast of Irian Jaya"
"2008-12-09","15:49:14","1.25","126.83","28","3.7","MLv","4.65","0.72","216","0.494","9","Northern Molucca Sea   "
"2008-12-09","16:07:01","-3.31","127.24","78","5","mb","28.93","1.02","86","2.179","37","Seram; Indonesia    "
"2008-12-09","16:48:42","0.76","127.62","5","4.5","MLv","13.96","0.25","167","0.849","17","Halmahera; Indonesia    "
"2008-12-09","18:10:46","0.86","122.49","10","3.3","MLv","1.91","0.57","226","0.647","7","Minahassa Peninsula; Sulawesi   "
"2008-12-09","18:15:20","-7.57","109.87","10","3.3","MLv","2.62","0.29","141","0.719","18","Java; Indonesia    "
"2008-12-09","18:23:49","-2.46","129.73","10","4","MLv","8.32","1.19","259","0.854","14","Seram; Indonesia    "
"2008-12-09","18:53:43","-7.84","127.78","10","5.4","mb","27.88","4.17","99","2.806","10","Banda Sea    "
"2008-12-09","20:18:33","-3.13","94.74","10","4.7","mb","17.17","6.13","259","1.956","7","Southwest of Sumatra; Indonesia  "
"2008-12-09","21:02:06","-9.24","107.67","59","4.6","MLv","7.5","1.68","164","1.175","19","South of Java; Indonesia  "
"2008-12-09","21:20:24","-9.32","107.69","30","3.9","MLv","3.63","1.76","168","0.77","9","South of Java; Indonesia  "
"2008-12-09","21:49:51","1.08","126.82","32","3.9","MLv","4.3","0.63","199","0.738","10","Northern Molucca Sea   "
"2008-12-10","02:46:04","-8.26","108.25","34","4.9","MLv","56.46","0.82","89","1.597","44","Java; Indonesia    "
"2008-12-10","03:41:59","2.24","121.55","30","4.2","MLv","6.52","1.79","150","1.944","9","Celebes Sea    "
"2008-12-10","10:48:00","1.55","127.16","57","4.3","MLv","5.09","0.8","267","0.4","5","Halmahera; Indonesia    "
"2008-12-10","10:51:39","-3.72","128.55","10","2.3","MLv","0.54","0.35","231","0.138","6","Seram; Indonesia    "
"2008-12-10","14:46:14","3.98","126.68","10","4.6","MLv","8.87","1.18","272","0.913","13","Talaud Islands; Indonesia   "
"2008-12-10","15:00:54","0.42","121.97","104","2.3","MLv","2.01","0.07","179","0.188","6","Minahassa Peninsula; Sulawesi   "
"2008-12-10","15:17:09","0.17","124.08","171","4.5","MLv","4.63","0.42","89","0.904","15","Minahassa Peninsula; Sulawesi   "
"2008-12-10","15:26:56","-9.12","107.68","29","3.8","MLv","4.27","1.56","246","0.914","11","South of Java; Indonesia  "
"2008-12-10","21:45:23","1.54","98.81","68","3.5","MLv","2.94","0.63","170","0.556","7","Northern Sumatra; Indonesia   "
"2008-12-10","22:57:11","0.71","121.59","90","4.8","mb","37.54","0.42","157","1.041","34","Minahassa Peninsula; Sulawesi   "
"2008-12-11","02:06:57","-7.9","129.91","10","4.6","MLv","5.54","4.52","303","1.361","7","Banda Sea    "
"2008-12-11","02:13:38","-4.23","129.03","10","2.7","MLv","2.17","0.89","304","1.541","5","Banda Sea    "
"2008-12-11","02:18:11","-7.81","106.94","10","3.1","MLv","1.72","0.89","240","0.355","6","Java; Indonesia    "
"2008-12-11","05:37:45","3.33","102.01","10","5.8","mb","20.44","1.51","126","1.156","7","Malay Peninsula    "
"2008-12-11","06:30:59","0.08","123.56","211","3.7","MLv","4.83","0.78","125","0.777","10","Minahassa Peninsula; Sulawesi   "
"2008-12-11","07:38:39","4.1","95.57","10","3.2","MLv","1.8","1.42","231","0.811","4","Northern Sumatra; Indonesia   "
"2008-12-11","10:51:58","-6.38","102.08","36","4.8","MLv","9.2","2.19","242","0.463","10","Southwest of Sumatra; Indonesia  "
"2008-12-11","13:57:04","-9.62","114","17","4.7","MLv","33.82","1.15","108","1.281","24","South of Bali; Indonesia  "
"2008-12-11","14:23:44","1.57","126.58","27","4.9","mb","49.12","1.12","123","2.773","37","Northern Molucca Sea   "
"2008-12-11","14:53:55","-5.75","105.22","10","3.1","MLv","2.65","0.38","150","1.321","9","Sunda Strait; Indonesia   "
"2008-12-11","14:56:10","-5.78","105.15","10","4.7","MLv","7.18","0.42","158","2.078","27","Sunda Strait; Indonesia   "
"2008-12-11","17:06:09","-3.72","100.55","29","5.4","Mw(mB","80.37","1.86","67","1.546","89","Southern Sumatra; Indonesia   "
"2008-12-11","20:55:04","-6.2","105.34","10","5","Mw(mB","53.07","0.8","153","2.855","66","Sunda Strait; Indonesia   "
"2008-12-11","20:57:24","-6.18","105.33","10","4.9","mb","89.81","0.57","45","2.468","39","Sunda Strait; Indonesia   "
"2008-12-11","21:20:46","-6.15","105.39","10","3.8","MLv","3.73","0.55","164","1.18","13","Sunda Strait; Indonesia   "
"2008-12-11","21:40:54","0.01","123.65","133","6","Mw(mB","100.85","0.65","25","1.729","115","Minahassa Peninsula; Sulawesi   "
"2008-12-11","21:49:41","5.53","115.11","650","5.1","mb","16.39","7.98","243","1.54","15","Borneo     "
"2008-12-11","21:54:04","1.42","112.11","10","5.5","mb","10.78","8.91","238","2.918","15","Borneo     "
"2008-12-11","21:55:12","0.75","124.55","232","4.2","MLv","19.17","0.6","114","1.486","7","Minahassa Peninsula; Sulawesi   "
"2008-12-11","21:59:40","1.31","97.97","15","3.8","MLv","4.77","1.46","206","0.588","7","Northern Sumatra; Indonesia   "
"2008-12-11","22:18:11","-6.16","105.33","3","3.1","MLv","1.68","0.58","199","0.111","6","Sunda Strait; Indonesia   "
"2008-12-11","22:20:28","-6.62","103.74","20","3.8","MLv","3.16","1.62","288","0.454","8","Southwest of Sumatra; Indonesia  "
"2008-12-11","22:25:16","-6.11","105.39","2","3.4","MLv","2.8","0.58","160","0.771","11","Sunda Strait; Indonesia   "
"2008-12-11","23:32:25","-6.21","105.37","9","3.4","MLv","2.08","0.51","171","0.648","8","Sunda Strait; Indonesia   "
"2008-12-12","01:30:12","-10.39","118.36","50","4.3","MLv","2.77","1.87","239","0.607","5","South of Sumbawa; Indonesia  "
"2008-12-12","07:14:42","-1.48","122.74","10","6","mb","58.23","2.96","168","1.918","10","Sulawesi; Indonesia    "
"2008-12-12","07:18:34","-5.82","105.14","5","3.3","MLv","1.02","0.46","200","0.233","6","Sunda Strait; Indonesia   "
"2008-12-12","07:57:03","-10.64","119.68","145","4.4","MLv","5.87","1.14","239","1.299","12","Sumba Region; Indonesia   "
"2008-12-12","08:10:09","-8.08","128.54","208","4.5","mb","18.45","5.38","151","1.472","12","Timor Sea    "
"2008-12-12","11:05:20","1.15","99.48","127","3.2","MLv","3.12","0.36","170","0.65","7","Northern Sumatra; Indonesia   "
"2008-12-12","12:03:21","2.95","121.56","127","4.8","mb","27.22","3.86","231","1.821","11","Celebes Sea    "
"2008-12-12","12:20:32","2.57","95.63","20","3.5","MLv","5.71","1.69","239","0.481","7","Off West Coast of Northern Sumatra"
"2008-12-12","13:46:29","-8.24","117.91","11","4.5","MLv","5.64","1.76","136","1.097","20","Sumbawa Region; Indonesia   "
"2008-12-12","15:47:40","-9.85","116.38","19","3.7","MLv","5.86","1.23","263","0.117","8","Sumbawa Region; Indonesia   "
"2008-12-12","17:03:45","-9.62","112.87","15","3.7","MLv","2.98","1.45","245","0.195","7","South of Java; Indonesia  "
"2008-12-12","21:12:02","-2.69","135.86","21","4.8","mb","21","1.51","79","1.378","26","Irian Jaya Region; Indonesia  "
"2008-12-13","09:47:28","1.36","122.29","10","3","MLv","2.43","0.95","293","0.741","6","Minahassa Peninsula; Sulawesi   "
"2008-12-13","09:51:42","0.65","98.6","7","3.9","MLv","3.24","0.99","201","0.893","10","Northern Sumatra; Indonesia   "
"2008-12-13","11:33:59","-3.57","140.52","30","3.7","MLv","2.4","1.06","242","0.322","6","Irian Jaya; Indonesia   "
"2008-12-13","11:43:47","-3.54","140.54","31","3.5","MLv","2.4","1.04","242","0.136","6","Irian Jaya; Indonesia   "
"2008-12-13","12:34:43","-7.98","107.26","24","3.4","MLv","2.06","0.7","258","0.662","9","Java; Indonesia    "
"2008-12-13","15:06:27","-3.18","129.15","4","3.3","MLv","3.12","0.27","148","0.891","8","Seram; Indonesia    "
"2008-12-13","15:24:14","-5.73","110.08","547","4.8","mb","26.74","1.36","30","0.792","57","Java Sea    "
"2008-12-13","15:51:09","-6.58","129.59","235","4.2","MLv","15.24","3.2","157","0.419","8","Banda Sea    "
"2008-12-13","16:57:55","-0.05","122.94","10","2.9","MLv","1.21","0.68","130","3.966","7","Minahassa Peninsula; Sulawesi   "
"2008-12-13","17:34:59","-8.89","113.02","10","3.5","MLv","1.27","0.74","288","0.151","4","Java; Indonesia    "
"2008-12-13","19:00:38","-2.93","129.84","48","5","Mw(mB","37.29","1.81","109","1.597","66","Seram; Indonesia    "
"2008-12-13","19:28:02","-2.96","129.78","24","3.4","MLv","3.24","0.93","156","0.263","6","Seram; Indonesia    "
"2008-12-13","20:05:22","0.17","124.98","10","3.6","MLv","6.07","1.07","244","1.49","8","Minahassa Peninsula; Sulawesi   "
"2008-12-13","21:58:53","3.18","98.28","10","3.4","MLv","3.16","0.42","147","0.925","7","Northern Sumatra; Indonesia   "
"2008-12-13","22:16:08","-5.48","104.98","10","3.1","MLv","1.31","0.29","178","1.322","6","Southern Sumatra; Indonesia   "
"2008-12-14","03:17:21","-6.22","103.39","25","4.4","MLv","4.25","1.37","243","0.794","10","Southwest of Sumatra; Indonesia  "
"2008-12-14","06:10:28","4.75","96.15","18","4.3","MLv","5.21","0.92","165","0.956","6","Northern Sumatra; Indonesia   "
"2008-12-14","11:29:37","-2.82","129.66","10","3.2","MLv","3.06","0.9","142","0.304","7","Seram; Indonesia    "
"2008-12-14","13:13:13","-4.92","103.06","30","3.3","MLv","1.68","0.57","244","0.404","7","Southern Sumatra; Indonesia   "
"2008-12-14","13:42:58","-3.58","139.53","10","3","MLv","1.79","0.77","180","0.624","6","Irian Jaya; Indonesia   "
"2008-12-14","13:50:51","-7.18","107.81","15","3.6","MLv","7.45","0.38","132","0.262","6","Java; Indonesia    "
"2008-12-14","14:07:36","-6.53","130.89","133","4.4","MLv","14.16","2.04","107","0.88","13","Banda Sea    "
"2008-12-14","16:25:11","-2.3","99.86","39","4.4","MLv","5.69","1.51","253","0.585","10","Southern Sumatra; Indonesia   "
"2008-12-14","19:32:29","2.28","126.95","60","4.9","mb","36.7","1.55","156","1.475","35","Northern Molucca Sea   "
"2008-12-15","03:42:15","-2.57","140.3","15","4.6","mb","23.1","0.41","152","1.533","13","Near North Coast of Irian Jaya"
"2008-12-15","04:58:34","-4.23","128.41","25","3.8","MLv","6.45","0.57","201","1.456","11","Banda Sea    "
"2008-12-15","10:00:47","-4.25","116.45","10","4.4","MLv","12.05","4.4","152","3.227","9","Java Sea    "
"2008-12-15","10:12:05","-6.1","105.34","10","4.7","MLv","9.05","0.47","130","1.506","30","Sunda Strait; Indonesia   "
"2008-12-15","10:29:27","-6.07","103.64","207","4.9","mb","43.65","3","212","0.368","7","Southwest of Sumatra; Indonesia  "
"2008-12-15","16:05:06","2.02","126.71","20","4.2","MLv","5.01","1.4","188","0.606","8","Northern Molucca Sea   "
"2008-12-15","20:45:01","2.66","126.24","24","4.2","MLv","4.82","1.24","184","0.359","9","Northern Molucca Sea   "
"2008-12-15","21:18:10","-3.06","100.73","46","5.2","Mw(mB","70.7","1.2","100","1.641","67","Southern Sumatra; Indonesia   "
"2008-12-15","22:10:13","-10.47","117.16","216","4.3","MLv","6.33","2.07","260","1.778","14","South of Sumbawa; Indonesia  "
"2008-12-15","22:40:37","0.39","99.03","11","2.8","MLv","2.29","0.68","236","0.422","5","Northern Sumatra; Indonesia   "
"2008-12-15","23:07:41","-8.25","116.08","128","3.5","MLv","2.61","0.39","187","0.476","11","Sumbawa Region; Indonesia   "
"2008-12-16","02:48:34","2.84","128.08","111","4.8","mb","18.3","2.18","216","0.674","20","Halmahera; Indonesia    "
"2008-12-16","06:02:10","-3.63","118.2","207","5.7","mb","15.76","6.39","148","1.23","7","Sulawesi; Indonesia    "
"2008-12-16","06:02:50","-6.16","131.57","103","4.4","MLv","18.81","1.27","86","1.842","11","Tanimbar Islands Reg.; Indonesia  "
"2008-12-16","08:16:52","1.09","122.05","10","3.8","MLv","2.24","0.62","284","1.28","6","Minahassa Peninsula; Sulawesi   "
"2008-12-16","09:06:48","-4.29","130.93","200","3.4","MLv","2.8","1.91","156","1.582","7","Banda Sea    "
"2008-12-16","09:45:34","-5","104.2","10","2.8","MLv","2.21","0.15","125","0.41","12","Southern Sumatra; Indonesia   "
"2008-12-16","10:30:13","-2.72","120.86","10","2.7","MLv","1.64","0.56","294","1.062","5","Sulawesi; Indonesia    "
"2008-12-16","11:04:44","0.36","122.08","162","3","MLv","1.55","0.19","124","0.147","7","Minahassa Peninsula; Sulawesi   "
"2008-12-16","13:07:03","1.66","122.51","11","4.4","MLv","5.58","1.13","190","1.528","13","Minahassa Peninsula; Sulawesi   "
"2008-12-16","17:01:12","-2.93","127.87","94","3.3","MLv","4.39","0.82","103","1.28","12","Ceram Sea    "
"2008-12-17","00:53:47","-7.45","120.05","573","4.4","mb","31.52","1.73","72","0.941","36","Flores Sea    "
"2008-12-17","02:57:15","-0.23","123.25","101","3.7","MLv","1.49","0.89","169","0.938","6","Minahassa Peninsula; Sulawesi   "
"2008-12-17","10:54:18","0","123.4","118","3.7","MLv","1.53","0.74","166","0.339","5","Minahassa Peninsula; Sulawesi   "
"2008-12-17","14:04:56","1.24","126.98","10","3.3","MLv","2.15","0.61","226","1.595","5","Northern Molucca Sea   "
"2008-12-17","14:17:51","-2.82","127.98","10","2.9","MLv","2.22","0.89","182","1.659","8","Ceram Sea    "
"2008-12-17","14:38:41","-3.59","126.23","140","3.6","MLv","4.29","1.96","171","1.004","7","Buru; Indonesia    "
"2008-12-17","14:53:18","-8.88","111.78","31","2.8","MLv","1.57","0.86","265","0.611","10","Java; Indonesia    "
"2008-12-17","15:00:54","-9.14","118.63","110","4.1","MLv","12.81","1.73","167","1.679","24","Sumbawa Region; Indonesia   "
"2008-12-17","16:06:54","-6.38","103.18","17","5.5","Mw(mB","77.28","1.61","76","1.227","90","Southwest of Sumatra; Indonesia  "
"2008-12-17","19:54:07","-1.79","100.53","7","3.8","MLv","3.52","0.88","203","0.535","8","Southern Sumatra; Indonesia   "
"2008-12-17","22:26:12","0.48","97.95","19","4.6","MLv","12.67","1.66","198","0.982","13","Northern Sumatra; Indonesia   "
"2008-12-17","23:14:09","-5.85","104.03","27","4.5","MLv","4.13","0.82","209","1.183","13","Southern Sumatra; Indonesia   "
"2008-12-18","03:03:31","1.4","122.21","10","5","mb","24.33","0.96","159","0.959","24","Minahassa Peninsula; Sulawesi   "
"2008-12-18","03:12:08","-2.82","119.8","10","3.1","MLv","2.5","0.22","300","0.447","6","Sulawesi; Indonesia    "
"2008-12-18","04:00:53","-7.75","105.51","19","3.4","MLv","2.71","1.15","190","0.62","6","Java; Indonesia    "
"2008-12-18","10:45:29","-9.14","113.75","28","3.2","MLv","3.42","0.77","259","0.369","10","South of Java; Indonesia  "
"2008-12-18","13:33:01","1.53","122.56","35","4.3","MLv","6.13","1","241","1.507","10","Minahassa Peninsula; Sulawesi   "
"2008-12-18","15:50:18","2.38","127.13","92","5.1","Mw(mB","36.73","1.61","128","1.641","79","Northern Molucca Sea   "
"2008-12-18","21:18:32","-7.92","110.49","10","5.8","mb","86.65","4.2","101","1.603","7","Java; Indonesia    "
"2008-12-18","21:51:53","-0.2","123.78","116","3.1","MLv","1.96","0.79","215","1.887","8","Minahassa Peninsula; Sulawesi   "
"2008-12-18","23:01:03","-2.19","118.47","20","3.5","MLv","4.45","1.59","292","0.855","5","Sulawesi; Indonesia    "
"2008-12-19","01:01:12","0.75","125.4","16","4.2","MLv","6.73","0.89","128","0.441","9","Northern Molucca Sea   "
"2008-12-19","01:27:18","-1.8","99.61","10","5.1","MLv","9.98","1.23","206","2.017","24","Southern Sumatra; Indonesia   "
"2008-12-19","01:34:38","-1.59","99.68","10","4.2","MLv","4.28","1.03","227","0.681","8","Southern Sumatra; Indonesia   "
"2008-12-19","04:04:01","3.11","128.52","30","5","mb","23.61","2.59","227","1.591","21","North of Halmahera; Indonesia  "
"2008-12-19","05:57:41","-1.38","121.17","15","3.7","MLv","3.18","1.64","164","0.374","8","Sulawesi; Indonesia    "
"2008-12-19","08:06:15","1.24","126.9","84","5.3","mb","35.76","0.66","134","1.785","40","Northern Molucca Sea   "
"2008-12-19","13:09:15","0.17","122.47","144","4.7","MLv","13.39","0.61","88","0.877","25","Minahassa Peninsula; Sulawesi   "
"2008-12-20","00:02:51","-4.57","102.19","28","4.7","mb","21.43","0.79","177","1.373","17","Southern Sumatra; Indonesia   "
"2008-12-20","09:26:13","-9.05","110.98","10","3.2","MLv","1.52","0.87","300","0.217","6","South of Java; Indonesia  "
"2008-12-20","09:32:56","-7.78","108.12","26","3.3","MLv","2.39","0.37","214","0.926","8","Java; Indonesia    "
"2008-12-20","11:10:34","0.83","126.72","35","4.4","mb","21.95","0.65","105","2.294","23","Northern Molucca Sea   "
"2008-12-20","11:48:09","1.02","127.71","29","3.9","MLv","6","0.43","170","1.679","13","Halmahera; Indonesia    "
"2008-12-20","13:11:45","1.01","126.72","12","4.3","MLv","8.52","0.69","134","0.538","13","Northern Molucca Sea   "
"2008-12-20","13:51:03","-2.48","139.32","121","3.6","MLv","1.65","0.79","142","0.962","5","Near North Coast of Irian Jaya"
"2008-12-20","16:13:25","-8.87","109.59","30","3.7","MLv","2.44","1.33","237","0.816","8","Java; Indonesia    "
"2008-12-20","17:23:21","-3.9","114.95","10","6","mb","13.59","4.92","152","3.116","7","Borneo     "
"2008-12-20","17:24:46","-5.31","124.78","650","4.5","mb","6.71","3.76","205","1.519","10","Banda Sea    "
"2008-12-20","17:44:46","-2.46","139.19","36","5.4","Mw(mB","44.87","0.68","137","1.845","46","Near North Coast of Irian Jaya"
"2008-12-20","20:44:41","-6.98","127","407","4.7","mb","28.43","3.48","53","1.128","22","Banda Sea    "
"2008-12-20","21:29:51","0.81","97.98","10","4.6","MLv","6.4","1.57","196","1.152","8","Northern Sumatra; Indonesia   "
"2008-12-20","21:32:36","4.14","127.37","10","4.4","MLv","6.9","1.89","282","1.067","6","Talaud Islands; Indonesia   "
"2008-12-21","04:46:02","-0.61","132.41","10","5.1","mb","13.38","2.3","181","1.094","16","Irian Jaya Region; Indonesia  "
"2008-12-21","05:16:13","-3.13","135.11","23","4.8","mb","17.54","2.16","84","1.527","17","Irian Jaya Region; Indonesia  "
"2008-12-21","08:24:44","-2.55","139.18","10","3.5","MLv","1.55","0.74","131","0.827","5","Near North Coast of Irian Jaya"
"2008-12-21","09:22:44","5.91","120.28","650","4.9","mb","18.38","1.92","233","2.278","25","Sulu Archipelago; Philippines   "
"2008-12-21","09:37:51","-2.03","125.64","116","4.4","MLv","6.17","1.89","122","1.69","15","Ceram Sea    "
"2008-12-21","13:15:36","-2","125.57","12","3.7","MLv","4.38","1.96","160","1.498","7","Ceram Sea    "
"2008-12-21","13:47:53","4.8","95.17","47","5.2","Mw(mB","61.85","0.7","120","1.814","70","Northern Sumatra; Indonesia   "
"2008-12-21","19:27:55","1.42","122.19","9","4.5","MLv","7.53","0.96","134","1.141","20","Minahassa Peninsula; Sulawesi   "
"2008-12-21","20:45:25","-8.05","120.52","12","4.3","MLv","5.37","1.62","84","0.629","9","Flores Region; Indonesia   "
"2008-12-21","20:49:54","1.34","122.14","11","4.2","MLv","4.94","0.88","264","2.612","8","Minahassa Peninsula; Sulawesi   "
"2008-12-21","20:58:33","1.81","127.26","83","3.8","MLv","5.48","1.04","260","0.391","7","Halmahera; Indonesia    "
"2008-12-22","02:23:00","-2.66","139.57","60","4.9","mb","26.67","1.09","135","1.577","26","Near North Coast of Irian Jaya"
"2008-12-22","05:45:37","-10.96","115.5","10","6","mb","25.99","2.42","273","1.769","7","South of Bali; Indonesia  "
"2008-12-22","06:36:28","-9.22","110.62","10","3.5","MLv","3.23","1.15","256","0.949","8","South of Java; Indonesia  "
"2008-12-22","09:35:41","-1.52","120.54","98","3.9","MLv","3.19","1.27","204","0.934","11","Sulawesi; Indonesia    "
"2008-12-22","10:48:53","1.14","121.51","8","3.4","MLv","5.36","0.79","266","1.187","7","Minahassa Peninsula; Sulawesi   "
"2008-12-22","10:53:35","-10.28","119.36","70","4.4","MLv","11.81","1.11","146","2.282","10","Sumba Region; Indonesia   "
"2008-12-22","14:29:51","-9","110.78","15","3","MLv","2.74","0.9","253","0.394","11","South of Java; Indonesia  "
"2008-12-22","15:43:05","0.87","125.9","27","3.6","MLv","3.98","1.21","106","1.692","13","Northern Molucca Sea   "
"2008-12-22","15:51:12","-7.85","110.55","10","2.4","MLv","1.25","0.07","157","0.902","9","Java; Indonesia    "
"2008-12-22","16:25:09","-6.74","121.13","475","3.9","MLv","8.93","1.72","172","1.456","14","Flores Sea    "
"2008-12-22","17:55:39","-7.94","110.44","10","2.5","MLv","3.01","0.09","169","1.06","12","Java; Indonesia    "
"2008-12-22","18:41:35","-1.51","126.82","10","3.6","MLv","4.36","2.34","152","2.085","7","Southern Molucca Sea   "
"2008-12-22","18:50:18","4.77","125.92","122","4.3","MLv","5.83","1.15","297","1.131","10","Talaud Islands; Indonesia   "
"2008-12-22","21:58:33","-0.09","123.08","138","2.7","MLv","1.27","0.72","204","0.098","6","Minahassa Peninsula; Sulawesi   "
"2008-12-23","03:36:38","-0.58","124.47","10","4.9","MLv","8.26","1.25","74","1.55","20","Southern Molucca Sea   "
"2008-12-23","05:49:40","-8.52","104.92","22","4.4","MLv","6.83","2.04","175","0.929","13","Southwest of Sumatra; Indonesia  "
"2008-12-23","06:28:34","-4.89","102.92","12","3.6","MLv","1.94","0.52","248","0.101","5","Southern Sumatra; Indonesia   "
"2008-12-23","07:04:00","-8.75","111.16","37","3","MLv","2.31","0.55","244","0.148","8","Java; Indonesia    "
"2008-12-23","08:47:14","-2.26","100.51","10","3.8","MLv","1.79","0.97","276","0.411","6","Southern Sumatra; Indonesia   "
"2008-12-23","09:15:38","-3.63","140.3","10","4.1","MLv","8.05","1.18","231","0.842","7","Irian Jaya; Indonesia   "
"2008-12-23","09:30:03","-0.65","123.32","10","3.7","MLv","1.69","0.67","249","0.5","6","Minahassa Peninsula; Sulawesi   "
"2008-12-23","13:28:42","-6.88","128.25","268","5.1","mb","18.88","3.17","44","1.877","26","Banda Sea    "
"2008-12-23","13:35:57","-3.01","122.63","8","3.4","MLv","3.64","0.94","175","0.674","12","Sulawesi; Indonesia    "
"2008-12-23","14:23:18","-0.66","99.28","10","3.9","MLv","2.02","1.14","270","0.52","6","Southern Sumatra; Indonesia   "
"2008-12-23","14:23:36","-7.8","120.34","10","3.9","MLv","3.85","1.86","167","1.384","7","Flores Sea    "
"2008-12-23","15:15:49","-2.87","101.68","53","4.3","MLv","3.73","0.8","188","1.532","11","Southern Sumatra; Indonesia   "
"2008-12-23","17:51:48","2.34","128.72","49","5.3","Mw(mB","36.16","2.06","145","1.545","84","Halmahera; Indonesia    "
"2008-12-23","21:39:43","2.27","96.04","26","4","MLv","5.49","1.5","235","0.808","10","Northern Sumatra; Indonesia   "
"2008-12-23","23:41:48","-3.07","119.56","5","2.5","MLv","2.3","0.26","213","1.013","9","Sulawesi; Indonesia    "
"2008-12-24","01:08:21","1.37","122.05","10","3.6","MLv","2.5","0.89","297","2.116","8","Minahassa Peninsula; Sulawesi   "
"2008-12-24","01:10:44","-7.16","129.44","137","4.1","mb","13.57","3.61","195","3.059","6","Banda Sea    "
"2008-12-24","01:34:51","-8.01","120.43","10","3.6","MLv","3.6","1.65","163","1.468","8","Flores Region; Indonesia   "
"2008-12-24","05:04:50","3.71","95.89","5","3.6","MLv","5","1.36","232","0.534","5","Off West Coast of Northern Sumatra"
"2008-12-24","06:14:13","-6.7","125.14","505","4.6","mb","7.81","3.7","255","0.549","12","Banda Sea    "
"2008-12-24","09:20:28","3.29","107.73","10","5.4","mb","13.93","8.62","240","2.207","7","South China Sea   "
"2008-12-24","13:17:59","-4.61","122.53","109","2.9","MLv","3.56","0.66","169","0","4","Sulawesi; Indonesia    "
"2008-12-24","13:28:26","2.6","127.12","10","3.9","MLv","5.59","1.83","191","1.517","8","Northern Molucca Sea   "
"2008-12-24","14:22:03","-8.69","128.63","10","4.8","mb","10.76","4.8","96","1.233","22","Timor Sea    "
"2008-12-24","15:15:56","-3.19","130.67","95","3.8","MLv","9.6","1.62","121","0.962","16","Seram; Indonesia    "
"2008-12-24","15:29:30","-2.88","130.75","59","3.5","MLv","3.94","1.51","147","0.647","7","Seram; Indonesia    "
"2008-12-24","17:29:49","-2.82","129.26","9","3.3","MLv","3","0.62","131","0.453","8","Seram; Indonesia    "
"2008-12-24","18:52:48","-9.75","108.74","10","3.7","MLv","3.6","2.36","199","1.023","8","South of Java; Indonesia  "
"2008-12-24","19:52:53","-9.19","110.46","16","3.4","MLv","3.08","1.22","252","0.955","12","South of Java; Indonesia  "
"2008-12-24","23:15:42","1.33","127.43","36","4","MLv","4.55","0.56","217","0.977","7","Halmahera; Indonesia    "
"2008-12-24","23:38:01","3.96","96.61","12","4.2","MLv","4.43","0.89","179","1.287","12","Northern Sumatra; Indonesia   "
"2008-12-25","00:16:59","3.99","129.56","273","5.1","mb","25.48","4.04","222","2.11","16","North of Halmahera; Indonesia  "
"2008-12-25","00:17:28","-8.71","120.11","392","5","mb","12.45","4.88","123","2.434","7","Flores Region; Indonesia   "
"2008-12-25","03:20:30","5.74","125.66","211","6.4","Mw(mB","97.35","1.32","69","1.322","118","Mindanao; Philippines    "
"2008-12-25","04:28:51","-3.97","128.78","30","3.3","MLv","3.63","0.64","220","1.233","7","Seram; Indonesia    "
"2008-12-25","06:02:16","0.28","126.16","10","3.8","MLv","3.63","1.3","124","1.616","5","Northern Molucca Sea   "
"2008-12-25","06:14:14","-3.53","138.65","51","4.8","mb","19.29","0.64","62","1.965","11","Irian Jaya; Indonesia   "
"2008-12-25","07:06:02","-4.31","130.78","63","3.7","MLv","2.66","2.03","159","0.275","7","Banda Sea    "
"2008-12-25","08:59:11","-0.4","121.9","37","3","MLv","4.13","0.87","151","0.307","7","Minahassa Peninsula; Sulawesi   "
"2008-12-25","09:14:35","-3.55","128.85","10","3.3","MLv","1.77","0.22","237","0.108","6","Seram; Indonesia    "
"2008-12-25","10:19:58","-9.36","112.39","16","3.3","MLv","2.34","1.45","245","1.005","14","South of Java; Indonesia  "
"2008-12-25","12:08:33","-8.16","118.79","10","4.6","MLv","5.18","2.64","234","0.924","9","Sumbawa Region; Indonesia   "
"2008-12-25","14:00:56","-8.92","118.86","109","4","MLv","4.68","1.6","153","1.365","15","Sumbawa Region; Indonesia   "
"2008-12-25","15:28:59","-2.18","130.16","27","3.5","MLv","3.23","1.69","169","0.102","6","Seram; Indonesia    "
"2008-12-25","18:12:06","5.4","124.32","434","5.4","Mw(mB","40.56","2.08","96","0.907","90","Mindanao; Philippines    "
"2008-12-25","22:03:11","0.83","127.51","84","3.3","MLv","3.54","0.16","258","0","4","Halmahera; Indonesia    "
"2008-12-25","22:56:37","0.57","99.18","12","3.7","MLv","2.13","0.46","223","1.392","7","Northern Sumatra; Indonesia   "
"2008-12-26","01:46:17","-9.79","116.22","10","3.7","MLv","3.13","1.15","301","0.868","10","Sumbawa Region; Indonesia   "
"2008-12-26","01:59:01","-2.62","129.29","10","3.3","MLv","2.99","0.81","138","0.706","7","Seram; Indonesia    "
"2008-12-26","02:43:41","-4.62","127.32","17","4.1","MLv","12.21","1.27","151","1.306","17","Banda Sea    "
"2008-12-26","04:09:47","-0.56","122.55","10","3.6","MLv","4.64","0.53","106","1.057","11","Minahassa Peninsula; Sulawesi   "
"2008-12-26","04:12:26","-0.17","121.31","21","3.7","MLv","1.88","0.9","284","0","4","Minahassa Peninsula; Sulawesi   "
"2008-12-26","05:03:26","-2.94","140.09","10","3.7","MLv","1.68","0.75","169","0.558","6","Near North Coast of Irian Jaya"
"2008-12-26","05:31:51","-0.18","122.97","10","3.3","MLv","1.5","0.81","190","1.427","7","Minahassa Peninsula; Sulawesi   "
"2008-12-26","06:19:30","2.1","126.13","69","4.4","MLv","8.21","1.45","158","0.828","16","Northern Molucca Sea   "
"2008-12-26","07:14:44","-7.91","106.52","24","3.7","MLv","2.69","0.91","129","0.973","9","Java; Indonesia    "
"2008-12-26","12:32:16","-2.88","128.28","10","2.8","MLv","2.36","0.8","145","0.475","8","Ceram Sea    "
"2008-12-26","20:44:37","-7.14","123.5","650","4.9","MLv","9.69","1.94","155","0.673","16","Banda Sea    "
"2008-12-26","20:55:29","1.25","124.77","231","3.8","MLv","3.31","0.2","124","0.517","12","Minahassa Peninsula; Sulawesi   "
"2008-12-27","07:18:14","-1.59","139.13","19","4.8","MLv","3.05","0.57","203","0.873","7","Near North Coast of Irian Jaya"
"2008-12-27","09:35:04","-0.05","122.93","144","4.7","MLv","6.83","0.69","72","1.103","19","Minahassa Peninsula; Sulawesi   "
"2008-12-27","09:58:20","0.14","125.67","34","4.3","MLv","6.65","1.53","102","1.088","11","Northern Molucca Sea   "
"2008-12-27","10:12:54","-0.29","123.75","103","3.1","MLv","1.97","0.89","218","0.055","6","Minahassa Peninsula; Sulawesi   "
"2008-12-27","11:30:36","-2.78","127.94","11","4.3","MLv","10.49","0.94","101","0.948","14","Ceram Sea    "
"2008-12-27","13:01:50","-0.08","123.15","134","3","MLv","1.33","0.72","213","0.062","5","Minahassa Peninsula; Sulawesi   "
"2008-12-27","13:49:17","-4.18","129.91","90","3.1","MLv","8.39","1.28","224","0.379","7","Banda Sea    "
"2008-12-27","15:07:45","1.1","96.99","72","4","MLv","5.54","2.16","242","1.42","11","Off West Coast of Northern Sumatra"
"2008-12-27","16:41:54","-9.86","111.88","17","3.7","MLv","3.31","1.8","261","1.342","9","South of Java; Indonesia  "
"2008-12-27","21:22:31","-2.78","128.02","14","3.6","MLv","5.52","0.92","106","1.255","11","Ceram Sea    "
"2008-12-28","02:49:33","0.63","122.17","84","3.1","MLv","2.79","0.28","196","0.347","8","Minahassa Peninsula; Sulawesi   "
"2008-12-28","04:13:50","-0.1","122.88","29","2.8","MLv","1.29","0.75","128","0.333","6","Minahassa Peninsula; Sulawesi   "
"2008-12-28","04:29:39","1.33","120.56","51","3.8","MLv","3.23","1.62","312","1.527","7","Minahassa Peninsula; Sulawesi   "
"2008-12-28","04:50:42","1.54","121.22","14","4.4","MLv","4.77","1.28","280","0.91","9","Minahassa Peninsula; Sulawesi   "
"2008-12-28","04:56:25","-3.83","127.5","90","2.7","MLv","1.51","0.71","248","0.625","8","Seram; Indonesia    "
"2008-12-28","05:10:52","0.29","121.89","195","2.5","MLv","1.6","0.19","230","0.217","6","Minahassa Peninsula; Sulawesi   "
"2008-12-28","05:21:50","-2.71","127.84","10","3.2","MLv","1.26","0.91","246","0.334","8","Ceram Sea    "
"2008-12-28","07:29:28","-4.33","119.53","10","2","MLv","1.31","0.43","211","0.314","7","Sulawesi; Indonesia    "
"2008-12-28","12:12:22","-5.31","128.05","371","3.3","MLv","4.83","1.62","241","0.46","7","Banda Sea    "
"2008-12-28","16:52:52","-6.47","114.21","560","3.6","mb","23.71","0.64","66","1.098","26","Bali Sea    "
"2008-12-28","19:53:27","-7.83","111.17","10","3.2","MLv","2.14","0.37","125","1.142","11","Java; Indonesia    "
"2008-12-29","02:06:52","-9.28","123.58","153","4.1","MLv","19.74","1.48","116","3.76","11","Timor Region    "
"2008-12-29","09:14:56","-6.35","105.9","104","3.6","MLv","2.25","0.33","126","0.576","8","Sunda Strait; Indonesia   "
"2008-12-29","11:52:34","-7.83","106.26","16","4","MLv","2.7","0.87","142","0.654","15","Java; Indonesia    "
"2008-12-29","15:31:17","-0.07","122.07","42","3.3","MLv","3.15","0.56","97","0.168","10","Minahassa Peninsula; Sulawesi   "
"2008-12-29","16:37:05","1.3","126.48","65","3.6","MLv","4.38","1.03","206","0.69","9","Northern Molucca Sea   "
"2008-12-29","17:49:26","-2.6","129.61","10","3.2","MLv","2.87","1.01","144","0.437","6","Seram; Indonesia    "
"2008-12-29","21:28:59","-8.03","110.43","3","3","MLv","1.36","0.15","211","0.427","8","Java; Indonesia    "
"2008-12-29","23:34:58","-2.75","139.88","10","3.8","MLv","1.62","0.86","141","0.686","5","Near North Coast of Irian Jaya"
"2008-12-30","01:54:37","-1.11","119.74","105","3.9","MLv","4.56","1.92","130","0.946","14","Sulawesi; Indonesia    "
"2008-12-30","03:20:56","5.45","125.93","125","5.2","Mw(mB","85.22","1.65","130","1.924","71","Mindanao; Philippines    "
"2008-12-30","05:38:58","-4.61","102.13","10","4.7","MLv","10.2","0.86","218","1.741","15","Southern Sumatra; Indonesia   "
"2008-12-30","07:38:19","-0.11","123.8","104","4.6","MLv","9.73","0.71","64","1.194","18","Minahassa Peninsula; Sulawesi   "
"2008-12-30","09:42:12","-6.73","108.2","357","4","MLv","4.98","0.59","123","1.522","15","Java; Indonesia    "
"2008-12-30","10:04:24","-5.88","130","150","4.6","MLv","15.25","2.73","85","1.797","13","Banda Sea    "
"2008-12-30","12:35:32","1.14","126.5","64","3.8","MLv","4.32","0.94","193","1.142","7","Northern Molucca Sea   "
"2008-12-30","12:52:07","-4.64","127.3","37","3.2","MLv","2.07","1.3","300","0.682","5","Banda Sea    "
"2008-12-30","17:27:40","0.2","94.08","335","4.9","mb","14.05","4.34","289","1.766","9","Off West Coast of Northern Sumatra"
"2008-12-30","17:48:06","-4.42","136.79","279","4.7","mb","15.62","2.17","171","1.222","8","Irian Jaya Region; Indonesia  "
"2008-12-30","18:09:26","-10.48","118.48","49","5.2","Mw(mB","34.91","1.96","111","1.657","66","South of Sumbawa; Indonesia  "
"2008-12-30","19:49:53","-4.35","101.04","16","5.9","Mw(mB","90.24","1.7","32","1.63","96","Southern Sumatra; Indonesia   "
"2008-12-30","20:32:41","-4.3","101.04","10","4.9","mb","46.71","1.68","122","1.181","32","Southern Sumatra; Indonesia   "
"2008-12-31","03:40:54","-9.12","117.33","100","3.6","MLv","3.21","1.24","344","0.655","7","Sumbawa Region; Indonesia   "
"2008-12-31","07:07:02","-8.08","110.41","5","4.7","MLv","7.26","0.21","144","1.549","31","Java; Indonesia    "
"2008-12-31","10:18:50","-8.88","112.5","33","3.6","MLv","2.18","0.72","220","1.119","14","Java; Indonesia    "
"2008-12-31","11:39:59","4.96","127.4","79","5.4","mb","28.09","2.77","166","2.186","47","Talaud Islands; Indonesia   "
"2008-12-31","13:15:14","-5.03","120.41","66","2.2","MLv","1.24","0.41","256","0.846","5","Sulawesi; Indonesia    "
"2008-12-31","20:21:44","-8.78","113.96","68","2.9","MLv","2.41","0.72","213","0.768","11","Java; Indonesia    "
"2008-12-31","20:49:36","-10.69","112.19","19","4","MLv","3.77","2.54","281","0.991","18","South of Java; Indonesia  "
